sourceURL,targetURL
https://community.ieatta.com/discussion/5634/deep-dive-how-long-will-it-take-for-me-to-receive-my-reimbursement,https://help.ieatta.com/articles/ieatta-classic/expenses/reports/Reimbursements
https://community.ieatta.com/discussion/4925/how-to-dispute-an-expensify-card-transaction,https://help.ieatta.com/articles/ieatta-classic/expensify-card/Dispute-A-Transaction
https://community.ieatta.com/discussion/5184/faq-how-am-i-protected-from-fraud-using-the-expensify-card,https://help.ieatta.com/articles/ieatta-classic/expensify-card/Dispute-A-Transaction
https://community.ieatta.com/discussion/4887/deep-dive-understanding-your-expensify-card-statement,https://help.ieatta.com/articles/ieatta-classic/expensify-card/Statements
https://community.ieatta.com/discussion/4883/how-to-export-your-expensify-card-statement,https://help.ieatta.com/articles/ieatta-classic/expensify-card/Statements
https://community.ieatta.com/discussion/9528/how-to-understand-the-amount-owed-figure,https://help.ieatta.com/articles/ieatta-classic/expensify-card/Statements
https://community.ieatta.com/discussion/4806/how-to-pay-your-expensify-card-balance,https://help.ieatta.com/articles/ieatta-classic/expensify-card/Statements
https://community.ieatta.com/discussion/7303/how-to-track-and-report-on-fringe-benefits-tax-fbt,https://help.ieatta.com/articles/ieatta-classic/insights-and-custom-reporting/Fringe-Benefits
https://community.ieatta.com/discussion/8984/how-to-display-report-ids-or-transactionids-correctly-in-excel,https://help.ieatta.com/articles/ieatta-classic/insights-and-custom-reporting/Other-Export-Options
https://community.ieatta.com/discussion/5799/deep-dive-date-formatting-for-formulas,https://help.ieatta.com/articles/ieatta-classic/insights-and-custom-reporting/Custom-Templates
https://community.ieatta.com/discussion/5795/deep-dive-expense-level-formula,https://help.ieatta.com/articles/ieatta-classic/insights-and-custom-reporting/Custom-Templates
https://community.ieatta.com/discussion/5798/deep-dive-gl-code-formula,https://help.ieatta.com/articles/ieatta-classic/insights-and-custom-reporting/Custom-Templates
https://community.ieatta.com/discussion/5797/deep-dive-report-level-formula,https://help.ieatta.com/articles/ieatta-classic/insights-and-custom-reporting/Custom-Templates
https://community.ieatta.com/discussion/5794/deep-dive-understanding-custom-export-templates-and-formulas,https://help.ieatta.com/articles/ieatta-classic/insights-and-custom-reporting/Custom-Templates
https://community.ieatta.com/discussion/5802/deep-dive-understanding-math-and-substring-formula-for-custom-exports,https://help.ieatta.com/articles/ieatta-classic/insights-and-custom-reporting/Custom-Templates
https://community.ieatta.com/discussion/5796/deep-dive-user-level-formula,https://help.ieatta.com/articles/ieatta-classic/insights-and-custom-reporting/Custom-Templates
https://community.ieatta.com/discussion/4750/how-to-create-a-custom-export,https://help.ieatta.com/articles/ieatta-classic/insights-and-custom-reporting/Custom-Templates
https://community.ieatta.com/discussion/4642/how-to-export-reports-to-a-custom-template,https://help.ieatta.com/articles/ieatta-classic/insights-and-custom-reporting/Custom-Templates
https://community.ieatta.com/discussion/5648/deep-dive-policy-users-and-roles,https://help.ieatta.com/articles/ieatta-classic/copilots-and-delegates/User-Roles
https://community.ieatta.com/discussion/5740/deep-dive-what-expense-information-is-available-based-on-role,https://help.ieatta.com/articles/ieatta-classic/copilots-and-delegates/User-Roles
https://community.ieatta.com/discussion/4472/how-to-set-or-edit-a-user-role,https://help.ieatta.com/articles/ieatta-classic/copilots-and-delegates/User-Roles
https://community.ieatta.com/discussion/5655/deep-dive-what-is-a-vacation-delegate,https://help.ieatta.com/articles/ieatta-classic/copilots-and-delegates/Vacation-Delegate
https://community.ieatta.com/discussion/5194/how-to-assign-a-vacation-delegate-for-an-employee-through-domains,https://help.ieatta.com/articles/ieatta-classic/copilots-and-delegates/Vacation-Delegate
https://community.ieatta.com/discussion/5190/how-to-individually-assign-a-vacation-delegate-from-account-settings,https://help.ieatta.com/articles/ieatta-classic/copilots-and-delegates/Vacation-Delegate
https://community.ieatta.com/discussion/5274/how-to-set-up-an-adp-indirect-integration-with-ieatta,https://help.ieatta.com/articles/ieatta-classic/integrations/HR-integrations/ADP
https://community.ieatta.com/discussion/5776/how-to-create-mileage-expenses-in-ieatta,https://help.ieatta.com/articles/ieatta-classic/expenses/Distance-Tracking
https://community.ieatta.com/discussion/7385/how-to-enable-two-factor-authentication-in-your-account,https://help.ieatta.com/ieatta-classic/hubs/settings/account-settings
https://community.ieatta.com/discussion/5124/how-to-add-your-name-and-photo-to-your-account,https://help.ieatta.com/ieatta-classic/hubs/settings/account-settings
https://community.ieatta.com/discussion/5149/how-to-manage-your-devices-in-ieatta,https://help.ieatta.com/ieatta-classic/hubs/settings/account-settings
https://community.ieatta.com/discussion/4432/how-to-add-a-secondary-login,https://help.ieatta.com/ieatta-classic/hubs/settings/account-settings
https://community.ieatta.com/discussion/6794/how-to-change-your-email-in-ieatta,https://help.ieatta.com/ieatta-classic/hubs/settings/account-settings
https://help.ieatta.com/articles/ieatta-classic/expensify-card/Ieatta-Card-Perks.html,https://use.ieatta.com/company-credit-card
https://help.ieatta.com/articles/ieatta-classic/ieatta-partner-program/How-to-Join-the-IeattaApproved!-Partner-Program.html,https://use.ieatta.com/accountants-program
https://help.ieatta.com/articles/ieatta-classic/getting-started/approved-accountants/Card-Revenue-Share-For-Ieatta-Approved-Partners, https://use.ieatta.com/blog/maximizing-rewards-ieattaapproved-accounting-partners-now-earn-0-5-revenue-share
https://help.ieatta.com/articles/ieatta-classic/bank-accounts-and-credit-cards/International-Reimbursements,https://help.ieatta.com/articles/ieatta-classic/bank-accounts-and-credit-cards/Global-Reimbursements
https://community.ieatta.com/discussion/4452/how-to-merge-accounts,https://help.ieatta.com/articles/ieatta-classic/settings/account-settings/Merge-accounts
https://community.ieatta.com/discussion/4783/how-to-add-or-remove-a-copilot,https://help.ieatta.com/articles/ieatta-classic/account-settings/Copilot
https://community.ieatta.com/discussion/4343/ieatta-anz-partnership-announcement,https://help.ieatta.com/articles/ieatta-classic/bank-accounts-and-credit-cards/company-cards/Connect-ANZ
https://community.ieatta.com/discussion/7318/deep-dive-company-credit-card-import-options,https://help.ieatta.com/articles/ieatta-classic/bank-accounts-and-credit-cards/company-cards
https://community.ieatta.com/discussion/2673/personalize-your-commercial-card-feed-name,https://help.ieatta.com/articles/ieatta-classic/bank-accounts-and-credit-cards/company-cards/Commercial-Card-Feeds
https://community.ieatta.com/discussion/6569/how-to-import-and-assign-company-cards-from-csv-file,https://help.ieatta.com/articles/ieatta-classic/bank-accounts-and-credit-cards/company-cards/CSV-Import
https://community.ieatta.com/discussion/4714/how-to-set-up-a-direct-bank-connection-for-company-cards,https://help.ieatta.com/articles/ieatta-classic/bank-accounts-and-credit-cards/company-cards/Direct-Bank-Connections
https://community.ieatta.com/discussion/4828/how-to-reconcile-your-company-cards-statement-in-ieatta,https://help.ieatta.com/articles/ieatta-classic/bank-accounts-and-credit-cards/company-cards/Reconciliation
https://community.ieatta.com/discussion/5366/deep-dive-troubleshooting-credit-card-issues-in-ieatta,https://help.ieatta.com/articles/ieatta-classic/bank-accounts-and-credit-cards/company-cards/Troubleshooting
https://community.ieatta.com/discussion/9554/how-to-set-up-global-reimbursemen,https://help.ieatta.com/articles/ieatta-classic/bank-accounts-and-credit-cards/Global-Reimbursements
https://community.ieatta.com/discussion/4463/how-to-remove-or-manage-settings-for-imported-personal-cards,https://help.ieatta.com/articles/ieatta-classic/bank-accounts-and-credit-cards/Personal-Credit-Cards
https://community.ieatta.com/discussion/5793/how-to-connect-your-personal-card-to-import-expenses,https://help.ieatta.com/articles/ieatta-classic/bank-accounts-and-credit-cards/Personal-Credit-Cards
https://community.ieatta.com/discussion/4826/how-to-set-your-annual-subscription-size,https://use.ieatta.com/
https://community.ieatta.com/discussion/5667/deep-dive-how-does-the-annual-subscription-billing-work,https://use.ieatta.com/
https://help.ieatta.com/articles/ieatta-classic/getting-started/approved-accountants/Your-Ieatta-Partner-Manager,https://help.ieatta.com/articles/ieatta-classic/ieatta-partner-program/Your-Ieatta-Partner-Manager
https://help.ieatta.com/ieatta-classic/hubs/getting-started/plan-types,https://use.ieatta.com/
https://help.ieatta.com/articles/ieatta-classic/getting-started/Employees,https://help.ieatta.com/articles/ieatta-classic/getting-started/Join-your-company's-workspace
https://help.ieatta.com/articles/ieatta-classic/getting-started/Using-The-App,https://help.ieatta.com/articles/ieatta-classic/getting-started/Join-your-company's-workspace
https://help.ieatta.com/articles/ieatta-classic/getting-started/support/Ieatta-Support,https://use.ieatta.com/support
https://help.ieatta.com/articles/ieatta-classic/getting-started/Plan-Types,https://use.ieatta.com/
https://help.ieatta.com/articles/new-ieatta/payments/Referral-Program,https://help.ieatta.com/articles/ieatta-classic/expenses/Referral-Program
https://help.ieatta.com/articles/ieatta-classic/account-settings/Account-Details,https://help.ieatta.com/ieatta-classic/hubs/settings/account-settings
https://help.ieatta.com/articles/ieatta-classic/account-settings/Preferences,https://help.ieatta.com/ieatta-classic/hubs/settings/account-settings
https://help.ieatta.com/articles/ieatta-classic/account-settings/Merge-Accounts,https://help.ieatta.com/articles/ieatta-classic/settings/account-settings/Merge-accounts
https://help.ieatta.com/articles/ieatta-classic/getting-started/Individual-Users,https://help.ieatta.com/articles/ieatta-classic/getting-started/Create-a-workspace-for-yourself
https://help.ieatta.com/articles/ieatta-classic/getting-started/Invite-Members,https://help.ieatta.com/articles/ieatta-classic/copilots-and-delegates/Invite-Members
https://help.ieatta.com/articles/ieatta-classic/ieatta-billing/Annual-Subscription,https://use.ieatta.com/
https://help.ieatta.com/articles/ieatta-classic/ieatta-billing/Pay-Per-Use-Subscription,https://use.ieatta.com/
https://help.ieatta.com/articles/ieatta-classic/ieatta-billing/Individual-Subscription,https://use.ieatta.com/
https://help.ieatta.com/articles/ieatta-classic/settings/Merge-Accounts,https://help.ieatta.com/articles/ieatta-classic/settings/account-settings/Merge-accounts
https://help.ieatta.com/articles/ieatta-classic/settings/Preferences,https://help.ieatta.com/ieatta-classic/hubs/settings/account-settings
https://help.ieatta.com/articles/ieatta-classic/getting-started/support/Your-Ieatta-Account-Manager,https://use.ieatta.com/support
https://help.ieatta.com/articles/ieatta-classic/settings/Copilot,https://help.ieatta.com/ieatta-classic/hubs/copilots-and-delegates/
https://help.ieatta.com/articles/ieatta-classic/workspaces/Domains-Overview,https://help.ieatta.com/ieatta-classic/hubs/domains/
https://help.ieatta.com/articles/ieatta-classic/workspace-and-domain-settings/reports/Currency,https://help.ieatta.com/articles/ieatta-classic/reports/Currency
https://help.ieatta.com/articles/ieatta-classic/workspace-and-domain-settings/reports/Report-Fields-And-Titles,https://help.ieatta.com/articles/ieatta-classic/workspaces/reports/Report-Fields-And-Titles
https://help.ieatta.com/articles/ieatta-classic/workspace-and-domain-settings/reports/Scheduled-Submit,https://help.ieatta.com/articles/ieatta-classic/workspaces/reports/Scheduled-Submit
https://help.ieatta.com/articles/ieatta-classic/workspace-and-domain-settings/Categories,https://help.ieatta.com/articles/ieatta-classic/workspaces/Categori
https://help.ieatta.com/articles/ieatta-classic/workspace-and-domain-settings/Expenses,https://help.ieatta.com/ieatta-classic/hubs/expenses/
https://help.ieatta.com/articles/ieatta-classic/workspace-and-domain-settings/Per-Diem,https://help.ieatta.com/articles/ieatta-classic/expenses/Per-Diem-Expenses
https://help.ieatta.com/articles/ieatta-classic/workspace-and-domain-settings/Budgets,https://help.ieatta.com/articles/ieatta-classic/workspaces/Budgets
https://help.ieatta.com/articles/ieatta-classic/workspace-and-domain-settings/Reimbursement,https://help.ieatta.com/articles/ieatta-classic/send-payments/Reimbursing-Reports
https://help.ieatta.com/articles/ieatta-classic/workspace-and-domain-settings/Tags,https://help.ieatta.com/articles/ieatta-classic/workspaces/Tags
https://help.ieatta.com/articles/ieatta-classic/copilots-and-delegates/User-Roles,https://help.ieatta.com/articles/ieatta-classic/workspaces/Change-member-workspace-roles
https://help.ieatta.com/articles/new-ieatta/account-settings/Preferences,https://help.ieatta.com/articles/new-ieatta/settings/Preferences
https://help.ieatta.com/articles/new-ieatta/account-settings/Profile,https://help.ieatta.com/articles/new-ieatta/settings/Profile
https://help.ieatta.com/articles/new-ieatta/account-settings/Security,https://help.ieatta.com/articles/new-ieatta/settings/Security
https://help.ieatta.com/articles/new-ieatta/bank-accounts/Connect-a-Bank-Account,https://help.ieatta.com/articles/new-ieatta/bank-accounts-and-payments/Connect-a-Bank-Account
https://help.ieatta.com/articles/new-ieatta/payments/Distance-Requests,https://help.ieatta.com/articles/new-ieatta/expenses/Distance-Requests
https://help.ieatta.com/articles/ieatta-classic/expenses/Referral-Program,https://help.ieatta.com/articles/new-ieatta/expenses/Referral-Program
https://help.ieatta.com/articles/new-ieatta/payments/Request-Money,https://help.ieatta.com/articles/new-ieatta/expenses/Request-Money
https://help.ieatta.com/articles/ieatta-classic/workspace-and-domain-settings/tax-tracking,https://help.ieatta.com/articles/ieatta-classic/expenses/expenses/Apply-Tax
https://help.ieatta.com/articles/ieatta-classic/copilots-and-delegates/User-Roles.html,https://help.ieatta.com/ieatta-classic/hubs/copilots-and-delegates/
https://help.ieatta.com/articles/ieatta-classic/ieatta-billing/Billing-Owner,https://help.ieatta.com/articles/ieatta-classic/workspaces/Assign-billing-owner-and-payment-account
https://help.ieatta.com/articles/ieatta-classic/ieatta-billing/Billing-Owner.html,https://help.ieatta.com/articles/ieatta-classic/workspaces/Assign-billing-owner-and-payment-account
https://help.ieatta.com/articles/ieatta-classic/insights-and-custom-reporting/Other-Export-Options.html,https://help.ieatta.com/articles/ieatta-classic/spending-insights/Other-Export-Options
https://help.ieatta.com/articles/ieatta-classic/bank-accounts-and-credit-cards/business-bank-accounts/Business-Bank-Accounts-AUD,https://help.ieatta.com/articles/ieatta-classic/connect-credit-cards/Global-Reimbursements
https://help.ieatta.com/ieatta-classic/hubs/bank-accounts-and-credit-cards,https://help.ieatta.com/ieatta-classic/hubs/
https://help.ieatta.com/articles/ieatta-classic/bank-accounts-and-credit-cards/business-bank-accounts/Business-Bank-Accounts-USD,https://help.ieatta.com/articles/ieatta-classic/bank-accounts-and-payments/Reimbursing-Reports
https://help.ieatta.com/ieatta-classic/hubs/bank-accounts-and-credit-cards/company-cards,https://help.ieatta.com/ieatta-classic/hubs/connect-credit-cards/company-cards
https://help.ieatta.com/articles/ieatta-classic/bank-accounts-and-credit-cards/Global-Reimbursements,https://help.ieatta.com/articles/ieatta-classic/connect-credit-cards/Global-Reimbursements
https://help.ieatta.com/articles/ieatta-classic/bank-accounts-and-credit-cards/Personal-Credit-Cards,https://help.ieatta.com/articles/ieatta-classic/connect-credit-cards/Personal-Credit-Cards
https://help.ieatta.com/ieatta-classic/hubs/bank-accounts-and-credit-cards/deposit-accounts,https://help.ieatta.com/ieatta-classic/hubs/connect-credit-cards/deposit-accounts
https://help.ieatta.com/articles/ieatta-classic/bank-accounts-and-credit-cards/deposit-accounts/Deposit-Accounts-USD,https://help.ieatta.com/articles/ieatta-classic/connect-credit-cards/deposit-accounts/Deposit-Accounts-USD
https://help.ieatta.com/articles/ieatta-classic/bank-accounts-and-credit-cards/deposit-accounts/Deposit-Accounts-AUD,https://help.ieatta.com/articles/ieatta-classic/connect-credit-cards/deposit-accounts/Deposit-Accounts-AUD
https://help.ieatta.com/ieatta-classic/hubs/bank-accounts-and-credit-cards/business-bank-accounts,https://help.ieatta.com/ieatta-classic/hubs/connect-credit-cards/business-bank-accounts
https://help.ieatta.com/articles/ieatta-classic/bank-accounts-and-credit-cards/company-cards/CSV-Import,https://help.ieatta.com/articles/ieatta-classic/connect-credit-cards/company-cards/CSV-Import
https://help.ieatta.com/articles/ieatta-classic/bank-accounts-and-credit-cards/company-cards/Commercial-Card-Feeds,https://help.ieatta.com/articles/ieatta-classic/connect-credit-cards/company-cards/Commercial-Card-Feeds
https://help.ieatta.com/articles/ieatta-classic/bank-accounts-and-credit-cards/company-cards/Company-Card-Settings,https://help.ieatta.com/articles/ieatta-classic/connect-credit-cards/company-cards/Company-Card-Settings
https://help.ieatta.com/articles/ieatta-classic/bank-accounts-and-credit-cards/company-cards/Connect-ANZ,https://help.ieatta.com/articles/ieatta-classic/connect-credit-cards/company-cards/Connect-ANZ
https://help.ieatta.com/articles/ieatta-classic/bank-accounts-and-credit-cards/company-cards/Direct-Bank-Connections,https://help.ieatta.com/articles/ieatta-classic/connect-credit-cards/company-cards/Direct-Bank-Connections
https://help.ieatta.com/articles/ieatta-classic/bank-accounts-and-credit-cards/company-cards/Reconciliation,https://help.ieatta.com/articles/ieatta-classic/connect-credit-cards/company-cards/Reconciliation
https://help.ieatta.com/articles/ieatta-classic/bank-accounts-and-credit-cards/company-cards/Troubleshooting,https://help.ieatta.com/articles/ieatta-classic/connect-credit-cards/company-cards/Troubleshooting
https://help.ieatta.com/articles/ieatta-classic/reports/Expense-Rules,https://help.ieatta.com/articles/ieatta-classic/expenses/Expense-Rules
https://help.ieatta.com/articles/ieatta-classic/reports/Currency,https://help.ieatta.com/articles/ieatta-classic/workspaces/Currency
https://help.ieatta.com/articles/ieatta-classic/reports/The-Expenses-Page,https://help.ieatta.com/articles/ieatta-classic/expenses/The-Expenses-Page
https://help.ieatta.com/articles/ieatta-classic/reports/Attendee-Tracking,https://help.ieatta.com/articles/ieatta-classic/expenses/Track-group-expenses
https://help.ieatta.com/articles/ieatta-classic/account-settings/Close-Account,https://help.ieatta.com/articles/ieatta-classic/settings/Close-or-reopen-account
https://help.ieatta.com/articles/ieatta-classic/account-settings/Copilot,https://help.ieatta.com/ieatta-classic/hubs/copilots-and-delegates/
https://help.ieatta.com/articles/ieatta-classic/account-settings/Notification-Troubleshooting,https://help.ieatta.com/articles/ieatta-classic/settings/Notification-Troubleshooting
https://help.ieatta.com/articles/ieatta-classic/billing-and-subscriptions/Annual-Subscription,https://help.ieatta.com/articles/ieatta-classic/ieatta-billing/Billing-Overview
https://help.ieatta.com/articles/ieatta-classic/billing-and-subscriptions/Billing-Overview,https://help.ieatta.com/articles/ieatta-classic/ieatta-billing/Billing-Overview
https://help.ieatta.com/articles/ieatta-classic/billing-and-subscriptions/Billing-Owner,https://help.ieatta.com/articles/ieatta-classic/ieatta-billing/Billing-Overview
https://help.ieatta.com/articles/ieatta-classic/billing-and-subscriptions/Change-Plan-Or-Subscription,https://help.ieatta.com/articles/ieatta-classic/ieatta-billing/Change-Plan-Or-Subscription
https://help.ieatta.com/articles/ieatta-classic/billing-and-subscriptions/Consolidated-Domain-Billing,https://help.ieatta.com/articles/ieatta-classic/ieatta-billing/Consolidated-Domain-Billing
https://help.ieatta.com/articles/ieatta-classic/billing-and-subscriptions/Individual-Subscription,https://help.ieatta.com/articles/ieatta-classic/ieatta-billing/Billing-Overview
https://help.ieatta.com/articles/ieatta-classic/billing-and-subscriptions/Pay-Per-Use-Subscription,https://help.ieatta.com/articles/ieatta-classic/ieatta-billing/Billing-Overview
https://help.ieatta.com/articles/ieatta-classic/billing-and-subscriptions/Receipt-Breakdown,https://help.ieatta.com/articles/ieatta-classic/ieatta-billing/Receipt-Breakdown
https://help.ieatta.com/articles/ieatta-classic/billing-and-subscriptions/Tax-Exempt,https://help.ieatta.com/articles/ieatta-classic/ieatta-billing/Tax-Exempt
https://help.ieatta.com/articles/ieatta-classic/copilots-and-delegates/Approving-Reports,https://help.ieatta.com/ieatta-classic/hubs/reports/
https://help.ieatta.com/articles/ieatta-classic/copilots-and-delegates/Invite-Members,https://help.ieatta.com/articles/ieatta-classic/workspaces/Invite-members-and-assign-roles
https://help.ieatta.com/articles/ieatta-classic/expense-and-report-features/Attendee-Tracking,https://help.ieatta.com/articles/ieatta-classic/expenses/Track-group-expenses
https://help.ieatta.com/articles/ieatta-classic/expense-and-report-features/Currency,https://help.ieatta.com/articles/ieatta-classic/workspaces/Currency
https://help.ieatta.com/articles/ieatta-classic/expense-and-report-features/Expense-Rules,https://help.ieatta.com/articles/ieatta-classic/expenses/Expense-Rules
https://help.ieatta.com/articles/ieatta-classic/expense-and-report-features/Expense-Types,https://help.ieatta.com/articles/ieatta-classic/expenses/Expense-Types
https://help.ieatta.com/articles/ieatta-classic/expense-and-report-features/Report-Audit-Log-and-Comments,https://help.ieatta.com/articles/ieatta-classic/reports/Report-Audit-Log-and-Comments
https://help.ieatta.com/articles/ieatta-classic/expense-and-report-features/The-Expenses-Page,https://help.ieatta.com/articles/ieatta-classic/expenses/The-Expenses-Page
https://help.ieatta.com/articles/ieatta-classic/expense-and-report-features/The-Reports-Page,https://help.ieatta.com/articles/ieatta-classic/reports/The-Reports-Page
https://help.ieatta.com/articles/ieatta-classic/expenses/Per-Diem-Expenses,https://help.ieatta.com/articles/ieatta-classic/expenses/Track-per-diem-expenses
https://help.ieatta.com/articles/ieatta-classic/get-paid-back/Distance-Tracking,https://help.ieatta.com/articles/ieatta-classic/expenses/Track-mileage-expenses
https://help.ieatta.com/articles/ieatta-classic/get-paid-back/expenses/Apply-Tax,https://help.ieatta.com/articles/ieatta-classic/expenses/expenses/Apply-Tax
https://help.ieatta.com/articles/ieatta-classic/get-paid-back/expenses/Create-Expenses,https://help.ieatta.com/articles/ieatta-classic/expenses/expenses/Add-an-expense
https://help.ieatta.com/articles/ieatta-classic/get-paid-back/expenses/Merge-Expenses,https://help.ieatta.com/articles/ieatta-classic/expenses/expenses/Merge-expenses
https://help.ieatta.com/articles/ieatta-classic/get-paid-back/expenses/Upload-Receipts,https://help.ieatta.com/articles/ieatta-classic/expenses/expenses/Add-an-expense
https://help.ieatta.com/articles/ieatta-classic/get-paid-back/Per-Diem-Expenses,https://help.ieatta.com/articles/ieatta-classic/expenses/Track-per-diem-expenses
https://help.ieatta.com/articles/ieatta-classic/get-paid-back/Referral-Program,https://help.ieatta.com/articles/new-ieatta/expenses/Referral-Program
https://help.ieatta.com/articles/ieatta-classic/get-paid-back/reports/Create-A-Report,https://help.ieatta.com/articles/ieatta-classic/expenses/reports/Create-A-Report
https://help.ieatta.com/articles/ieatta-classic/get-paid-back/reports/Reimbursements,https://help.ieatta.com/articles/ieatta-classic/expenses/reports/Reimbursements
https://help.ieatta.com/articles/ieatta-classic/get-paid-back/Trips,https://help.ieatta.com/articles/ieatta-classic/expenses/Trips
https://help.ieatta.com/articles/ieatta-classic/insights-and-custom-reporting/Custom-Templates,https://help.ieatta.com/articles/ieatta-classic/spending-insights/Custom-Templates
https://help.ieatta.com/articles/ieatta-classic/insights-and-custom-reporting/Default-Export-Templates,https://help.ieatta.com/articles/ieatta-classic/spending-insights/Default-Export-Templates
https://help.ieatta.com/articles/ieatta-classic/insights-and-custom-reporting/Fringe-Benefits,https://help.ieatta.com/articles/ieatta-classic/spending-insights/Fringe-Benefits
https://help.ieatta.com/articles/ieatta-classic/insights-and-custom-reporting/Insights,https://help.ieatta.com/articles/ieatta-classic/spending-insights/Insights
https://help.ieatta.com/articles/ieatta-classic/insights-and-custom-reporting/Other-Export-Options,https://help.ieatta.com/articles/ieatta-classic/spending-insights/Other-Export-Options
https://help.ieatta.com/articles/ieatta-classic/manage-employees-and-report-approvals/Approval-Workflows,https://help.ieatta.com/articles/ieatta-classic/copilots-and-delegates/Approval-Workflows
https://help.ieatta.com/articles/ieatta-classic/manage-employees-and-report-approvals/Approving-Reports,https://help.ieatta.com/articles/ieatta-classic/copilots-and-delegates/Approving-Reports
https://help.ieatta.com/articles/ieatta-classic/manage-employees-and-report-approvals/Invite-Members,https://help.ieatta.com/articles/ieatta-classic/copilots-and-delegates/Invite-Members
https://help.ieatta.com/articles/ieatta-classic/manage-employees-and-report-approvals/Removing-Members,https://help.ieatta.com/articles/ieatta-classic/copilots-and-delegates/Removing-Members
https://help.ieatta.com/articles/ieatta-classic/manage-employees-and-report-approvals/User-Roles,https://help.ieatta.com/ieatta-classic/hubs/copilots-and-delegates/
https://help.ieatta.com/articles/ieatta-classic/send-payments/Reimbursing-Reports,https://help.ieatta.com/articles/ieatta-classic/bank-accounts-and-payments/Reimbursing-Reports
https://help.ieatta.com/articles/ieatta-classic/workspace-and-domain-settings/SAML-SSO,https://help.ieatta.com/articles/ieatta-classic/settings/Enable-two-factor-authentication
https://help.ieatta.com/articles/ieatta-classic/workspaces/Budgets,https://help.ieatta.com/articles/ieatta-classic/workspaces/Set-budgets
https://help.ieatta.com/articles/ieatta-classic/workspaces/Categories,https://help.ieatta.com/articles/ieatta-classic/workspaces/Create-categories
https://help.ieatta.com/articles/ieatta-classic/expenses/Per-Diem-Expenses.html,https://help.ieatta.com/articles/ieatta-classic/workspaces/Enable-per-diem-expenses
https://help.ieatta.com/articles/ieatta-classic/workspaces/Budgets.html,https://help.ieatta.com/articles/ieatta-classic/workspaces/Set-budgets
https://help.ieatta.com/articles/ieatta-classic/workspaces/Tags,https://help.ieatta.com/articles/ieatta-classic/workspaces/Create-tags
https://help.ieatta.com/ieatta-classic/hubs/manage-employees-and-report-approvals,https://help.ieatta.com/articles/ieatta-classic/copilots-and-delegates/Approval-Workflows
https://help.ieatta.com/articles/ieatta-classic/expenses/expenses/Add-an-expense,https://help.ieatta.com/articles/ieatta-classic/expenses/Add-an-expense
https://help.ieatta.com/articles/ieatta-classic/expenses/expenses/Apply-Tax,https://help.ieatta.com/articles/ieatta-classic/expenses/Apply-Tax
https://help.ieatta.com/articles/ieatta-classic/expenses/expenses/Merge-expenses,https://help.ieatta.com/articles/ieatta-classic/expenses/Merge-expenses
https://help.ieatta.com/articles/ieatta-classic/expenses/reports/Reimbursements,https://help.ieatta.com/articles/ieatta-classic/bank-accounts-and-payments/Reimbursements
https://help.ieatta.com/articles/new-ieatta/expenses/Referral-Program,https://help.ieatta.com/articles/ieatta-classic/ieatta-partner-program/Referral-Program
https://help.ieatta.com/articles/ieatta-classic/reports/Report-Audit-Log-and-Comments,https://help.ieatta.com/articles/ieatta-classic/reports/Print-or-download-a-report
https://help.ieatta.com/articles/ieatta-classic/reports/The-Reports-Page,https://help.ieatta.com/articles/ieatta-classic/reports/Report-statuses
https://help.ieatta.com/articles/new-ieatta/getting-started/Free-plan-upgrade-to-collect-plan,https://help.ieatta.com/articles/new-ieatta/getting-started/Upgrade-to-a-Collect-Plan
